{"cameraMode":{"drawMode":0,"name":"Shaded","section":"Shading Mode"},"sceneLighting":true,"audioPlay":false,"sceneViewState":{"m_AlwaysRefresh":false,"showFog":true,"showSkybox":true,"showFlares":true,"showImageEffects":true,"showParticleSystems":true,"showVisualEffectGraphs":true,"m_FxEnabled":true},"in2DMode":false,"pivot":{"x":-84.90541076660156,"y":17.892335891723634,"z":47.94460678100586},"rotation":{"x":0.02470778487622738,"y":0.9251553416252136,"z":0.06114905700087547,"w":-0.37381690740585329},"size":6.3389081954956059,"orthographic":false}