{"cameraMode":{"drawMode":0,"name":"Shaded","section":"Shading Mode"},"sceneLighting":true,"audioPlay":false,"sceneViewState":{"m_AlwaysRefresh":false,"showFog":true,"showSkybox":true,"showFlares":true,"showImageEffects":true,"showParticleSystems":true,"showVisualEffectGraphs":true,"m_FxEnabled":true},"in2DMode":false,"pivot":{"x":0.18526101112365724,"y":0.9387006759643555,"z":-0.2591232359409332},"rotation":{"x":-0.003635023022070527,"y":0.9953280687332153,"z":-0.08712318539619446,"w":-0.04152803122997284},"size":1.6656560897827149,"orthographic":false}